State,Year,Annual_Rainfall_mm,Normal_Rainfall_mm,Avg_Temperature_C,Avg_Humidity_percent,Soil_Moisture_percent,Rainfall_Deficit_percent,Drought_Level,Rain_Jan_mm,Rain_Feb_mm,Rain_Mar_mm,Rain_Apr_mm,Rain_May_mm,Rain_Jun_mm,Rain_Jul_mm,Rain_Aug_mm,Rain_Sep_mm,Rain_Oct_mm,Rain_Nov_mm,Rain_Dec_mm
Andaman & Nicobar,2000,2763.2,1000,18.89,90.0,85.0,-176.32,Normal,53.0,59.0,171.3,218.1,422.8,357.0,176.3,460.8,250.1,321.2,158.3,115.2
Andaman & Nicobar,2001,3080.9,1000,18.4,90.0,85.0,-208.09,Normal,89.0,15.7,143.3,30.1,705.3,370.7,341.3,469.0,334.4,267.6,222.6,91.8
Andaman & Nicobar,2002,2620.2,1000,22.2,90.0,85.0,-162.02,Normal,10.6,0.0,11.5,100.2,366.7,358.3,317.4,429.8,420.0,169.0,306.7,129.9
Andaman & Nicobar,2003,2355.9,1000,22.24,90.0,85.0,-135.59,Normal,44.3,7.9,149.2,19.4,296.3,159.9,494.9,379.4,371.9,310.4,74.1,48.0
Andaman & Nicobar,2004,2460.1,1000,20.8,90.0,85.0,-146.01,Normal,54.5,35.9,36.5,41.6,505.1,423.9,378.9,308.7,280.7,223.9,169.9,0.4
Andaman & Nicobar,2005,2954.7,1000,15.24,90.0,85.0,-195.47,Normal,0.0,0.0,20.3,51.1,305.3,452.4,429.3,311.1,507.5,293.5,300.1,283.9
Andaman & Nicobar,2006,2404.7,1000,18.95,90.0,85.0,-140.47,Normal,16.3,14.4,48.9,163.7,321.4,366.0,182.7,219.6,546.5,374.7,76.1,74.4
Andaman & Nicobar,2007,2748.0,1000,17.56,90.0,85.0,-174.8,Normal,4.9,1.6,5.0,54.6,370.0,378.3,463.2,465.3,486.4,209.4,223.9,85.6
Andaman & Nicobar,2008,3374.8,1000,15.0,90.0,85.0,-237.48,Normal,9.9,67.7,115.8,216.1,545.5,457.8,511.2,482.1,332.0,243.7,321.1,72.0
Andaman & Nicobar,2009,2538.6,1000,20.44,90.0,85.0,-153.86,Normal,24.5,6.3,44.2,136.5,313.1,633.5,297.3,351.5,344.7,272.8,66.2,48.0
Andaman & Nicobar,2010,3157.1,1000,15.0,90.0,85.0,-215.71,Normal,101.7,8.0,0.7,12.5,319.0,448.9,521.9,563.8,263.3,402.4,268.5,246.4
Andaman & Nicobar,2011,3828.0,1000,15.0,90.0,85.0,-282.8,Normal,265.9,84.8,272.8,111.4,326.5,383.2,583.2,441.5,757.1,212.3,150.8,238.5
Andaman & Nicobar,2012,3497.6,1000,15.0,90.0,85.0,-249.76,Normal,119.9,45.6,30.9,55.8,533.9,458.2,317.3,369.6,868.9,209.7,300.5,187.3
Andaman & Nicobar,2013,3757.8,1000,15.0,90.0,85.0,-275.78,Normal,67.1,37.6,43.0,46.3,509.3,777.0,564.8,336.7,473.6,455.8,354.2,92.3
Andaman & Nicobar,2014,2622.4,1000,18.79,90.0,85.0,-162.24,Normal,41.9,8.6,0.0,11.1,238.0,416.6,467.6,321.6,412.9,402.6,201.2,100.4
Andaman & Nicobar,2015,2904.6,1000,15.32,90.0,85.0,-190.46,Normal,126.8,7.6,3.1,138.2,331.9,346.4,328.9,480.0,523.3,252.1,236.3,129.9
Andhra Pradesh,2000,931.8,943,32.78,45.53,41.15,1.19,Normal,0.05,38.35,0.45,20.6,71.1,146.6,124.4,276.5,102.9,102.15,24.15,24.55
Andhra Pradesh,2001,966.9,943,31.03,53.01,44.07,-2.53,Normal,6.15,1.9,13.25,61.15,37.65,70.6,96.55,133.25,191.35,274.25,59.85,21.1
Andhra Pradesh,2002,659.2,943,36.47,43.1,23.77,30.1,Moderate,26.8,1.6,7.5,26.15,45.0,103.0,58.8,121.65,74.95,158.1,29.25,6.45
Andhra Pradesh,2003,911.15,943,31.65,54.8,43.53,3.38,Normal,3.1,10.35,33.4,17.2,8.15,80.7,212.55,137.35,127.55,213.9,11.6,55.35
Andhra Pradesh,2004,807.65,943,32.19,46.18,28.73,14.35,Mild,17.1,7.85,12.25,37.6,103.65,96.3,157.5,74.05,127.7,136.15,37.5,0.1
Andhra Pradesh,2005,1144.0,943,27.9,70.79,55.31,-21.31,Normal,7.45,10.8,16.05,35.35,48.4,69.65,142.35,106.25,262.85,301.4,100.5,42.95
Andhra Pradesh,2006,898.85,943,32.23,57.44,39.94,4.68,Normal,0.1,0.0,31.75,33.85,65.15,108.9,85.0,175.85,184.4,136.9,66.95,10.0
Andhra Pradesh,2007,1039.9,943,29.89,62.46,51.8,-10.28,Normal,0.0,2.8,0.1,7.25,14.05,254.15,112.4,175.65,236.55,172.3,23.6,41.15
Andhra Pradesh,2008,952.75,943,31.85,63.39,27.31,-1.03,Normal,4.8,40.15,78.35,11.3,38.5,75.75,144.95,190.55,144.25,88.8,131.75,3.55
Andhra Pradesh,2009,739.35,943,35.37,43.56,29.87,21.6,Mild,0.25,0.0,5.5,7.4,50.2,70.75,87.05,146.0,153.85,80.95,119.1,18.35
Andhra Pradesh,2010,1337.95,943,28.83,68.1,55.65,-41.88,Normal,13.25,1.55,2.5,13.9,113.7,132.2,253.25,201.8,176.7,143.7,193.0,92.45
Andhra Pradesh,2011,799.95,943,33.93,54.05,31.34,15.17,Mild,0.4,15.0,0.45,48.45,50.45,65.65,162.45,189.7,100.45,91.05,55.9,20.05
Andhra Pradesh,2012,1016.7,943,29.76,56.79,47.7,-7.82,Normal,20.15,0.0,2.6,28.35,39.05,71.2,180.8,170.6,158.0,126.85,188.15,30.95
Andhra Pradesh,2013,941.55,943,32.67,52.27,42.5,0.15,Normal,1.65,30.1,5.85,37.4,33.55,100.65,129.05,116.7,147.6,290.4,45.85,2.7
Andhra Pradesh,2014,713.35,943,34.14,46.45,26.75,24.35,Mild,0.3,0.95,10.8,5.55,79.8,56.0,110.25,146.45,112.95,150.1,30.75,9.6
Andhra Pradesh,2015,1029.0,943,30.62,58.06,36.33,-9.12,Normal,1.95,0.3,9.45,52.85,36.9,178.4,79.55,157.8,169.05,83.2,232.5,27.1
Arunachal Pradesh,2000,2596.8,2782,33.12,52.64,37.36,6.66,Normal,54.1,47.1,139.9,293.8,267.2,459.8,395.4,387.4,407.4,81.3,53.9,9.6
Arunachal Pradesh,2001,2036.0,2782,33.68,33.17,27.17,26.82,Moderate,53.1,66.6,134.9,229.9,195.6,277.2,302.6,279.9,288.1,173.8,19.3,14.9
Arunachal Pradesh,2002,2389.2,2782,32.44,43.22,33.55,14.12,Mild,74.2,37.2,126.3,248.2,197.1,396.8,604.0,290.7,257.9,94.0,45.0,17.9
Arunachal Pradesh,2003,2451.8,2782,33.76,57.9,36.13,11.87,Mild,22.9,83.2,109.6,182.0,173.5,424.3,645.3,327.2,259.9,182.6,25.0,16.2
Arunachal Pradesh,2004,2545.7,2782,33.19,49.96,27.01,8.49,Normal,38.0,39.1,175.5,210.2,298.7,402.9,654.3,243.0,278.5,184.8,5.6,15.2
Arunachal Pradesh,2005,2335.5,2782,33.23,46.47,45.9,16.05,Mild,48.4,167.6,229.5,195.3,179.8,269.3,430.8,400.0,243.6,139.3,28.6,3.3
Arunachal Pradesh,2006,2259.6,2782,33.12,46.18,32.32,18.78,Mild,6.0,103.7,63.3,202.7,321.7,520.4,382.2,227.6,263.2,77.2,69.7,21.7
Arunachal Pradesh,2007,3020.7,2782,28.98,65.43,47.19,-8.58,Normal,13.4,97.4,48.1,292.4,250.4,530.2,761.0,364.6,529.3,102.6,24.3,6.9
Arunachal Pradesh,2008,2244.4,2782,35.13,39.82,39.28,19.32,Mild,76.7,39.7,122.6,192.4,185.0,423.6,456.1,439.3,189.7,115.1,1.7,2.6
Arunachal Pradesh,2009,1749.9,2782,32.16,37.53,36.11,37.1,Moderate,18.0,92.8,72.1,132.7,189.9,259.1,329.9,370.3,152.5,82.9,33.9,15.9
Arunachal Pradesh,2010,2855.7,2782,29.81,53.63,41.56,-2.65,Normal,0.6,13.2,237.8,466.9,312.7,509.9,378.0,321.5,444.2,97.7,58.9,14.2
Arunachal Pradesh,2011,2193.7,2782,32.68,35.62,31.88,21.15,Mild,40.0,51.3,174.5,240.8,219.6,288.4,531.4,277.6,286.7,51.9,16.2,15.2
Arunachal Pradesh,2012,3440.3,2782,27.98,70.38,44.87,-23.66,Normal,57.8,35.8,134.2,403.4,187.4,645.8,638.9,316.0,724.9,248.1,22.0,26.2
Arunachal Pradesh,2013,2042.9,2782,37.23,36.47,27.76,26.57,Moderate,18.5,40.5,115.1,175.1,335.8,290.0,329.6,230.2,316.1,164.1,13.3,14.6
Arunachal Pradesh,2014,2403.2,2782,34.72,41.36,35.69,13.62,Mild,19.0,101.9,80.3,86.7,299.0,415.8,392.4,599.6,343.0,35.1,20.1,10.2
Arunachal Pradesh,2015,2767.5,2782,34.66,46.68,40.71,0.52,Normal,30.8,47.5,97.5,287.1,238.9,637.9,329.3,595.5,374.2,65.2,33.8,29.8
Assam,2000,2487.0,1889,29.99,76.32,46.48,-31.66,Normal,20.5,13.7,65.9,238.5,375.1,540.2,313.3,513.2,299.9,83.9,22.2,0.4
Assam,2001,2178.4,1889,28.13,66.04,47.61,-15.32,Normal,5.5,39.7,30.9,198.6,266.4,399.8,451.1,295.6,266.8,201.4,20.5,2.3
Assam,2002,2392.7,1889,30.37,71.4,47.27,-26.66,Normal,20.2,5.7,83.3,279.9,286.9,502.5,565.1,312.5,209.7,49.5,69.4,7.9
Assam,2003,2434.1,1889,30.16,72.34,47.97,-28.86,Normal,9.5,41.5,96.9,213.8,235.8,551.4,481.2,290.7,250.0,231.8,13.0,18.6
Assam,2004,2994.3,1889,31.05,89.55,57.45,-58.51,Normal,15.3,19.5,72.8,340.8,342.2,397.9,848.4,286.2,317.2,340.8,6.5,6.6
Assam,2005,2468.3,1889,30.86,66.99,56.2,-30.67,Normal,22.8,30.5,172.2,207.5,281.2,373.9,474.5,501.9,174.9,218.6,8.9,1.3
Assam,2006,1898.6,1889,34.28,51.18,45.02,-0.51,Normal,0.7,40.9,20.8,169.0,325.7,395.9,350.3,209.7,252.3,97.6,25.1,10.7
Assam,2007,2752.8,1889,29.17,84.26,67.78,-45.73,Normal,1.5,73.7,23.5,242.7,219.8,489.7,682.7,308.0,494.7,164.7,47.7,4.0
Assam,2008,2339.7,1889,29.6,64.35,45.1,-23.86,Normal,29.7,14.5,107.5,156.2,210.6,414.6,493.2,508.6,267.5,133.4,2.2,1.6
Assam,2009,2068.2,1889,29.61,59.83,45.5,-9.49,Normal,7.9,11.6,44.9,134.9,246.5,321.1,426.3,533.8,192.3,135.9,9.0,4.0
Assam,2010,2711.5,1889,29.07,83.08,57.48,-43.54,Normal,0.5,3.1,99.6,389.3,393.4,569.7,415.1,387.0,318.3,116.2,11.6,7.6
Assam,2011,1743.4,1889,35.52,49.44,50.52,7.71,Normal,11.1,11.4,109.0,92.1,238.3,316.0,395.8,302.6,221.6,30.2,11.9,3.5
Assam,2012,2609.4,1889,30.2,71.69,49.9,-38.14,Normal,15.2,6.9,28.8,279.1,185.8,729.7,444.3,289.2,411.6,199.4,17.1,2.3
Assam,2013,1816.4,1889,33.27,51.77,42.03,3.84,Normal,1.1,9.6,44.0,112.8,346.7,286.2,367.8,289.7,229.3,126.3,1.0,2.0
Assam,2014,2206.1,1889,31.6,63.87,42.48,-16.79,Normal,2.0,28.3,29.3,51.5,351.1,426.4,374.4,484.6,420.2,35.0,3.0,0.4
Assam,2015,2470.9,1889,26.51,69.71,56.6,-30.8,Normal,13.4,15.5,37.5,250.9,332.5,558.5,300.1,590.9,279.9,62.6,14.0,15.2
Bihar,2000,1207.0,1054,31.27,56.76,46.67,-14.52,Normal,0.5,12.1,3.6,37.2,96.2,267.2,264.3,201.4,314.8,9.6,0.0,0.1
Bihar,2001,1247.0,1054,31.31,60.65,48.09,-18.31,Normal,1.0,0.5,3.0,12.6,98.4,224.4,224.7,225.9,274.8,181.3,0.5,0.0
Bihar,2002,1105.8,1054,31.72,51.99,43.75,-4.91,Normal,13.4,11.3,2.2,25.0,74.8,116.6,386.1,247.7,192.8,33.8,1.4,0.7
Bihar,2003,1353.9,1054,30.85,76.06,56.65,-28.45,Normal,13.2,39.7,10.2,21.9,41.4,230.9,356.8,310.6,183.9,142.0,0.2,3.0
Bihar,2004,1147.8,1054,28.53,55.21,46.13,-8.9,Normal,22.7,2.1,2.2,32.0,72.7,246.8,418.4,175.9,115.3,56.4,3.1,0.0
Bihar,2005,907.8,1054,34.14,49.95,53.72,13.87,Mild,13.9,14.3,12.1,7.7,28.6,82.5,300.0,309.1,105.1,34.3,0.0,0.2
Bihar,2006,1052.8,1054,33.15,60.62,44.72,0.11,Normal,0.1,0.0,1.9,19.2,73.2,200.0,290.7,160.4,285.2,17.6,2.9,1.6
Bihar,2007,1600.2,1054,29.16,81.93,64.52,-51.82,Normal,0.2,34.2,25.4,20.3,94.4,170.4,549.4,340.6,309.0,39.6,9.1,7.5
Bihar,2008,1197.7,1054,29.36,61.31,43.03,-13.63,Normal,25.6,4.4,3.2,10.4,48.9,291.2,397.2,278.1,117.1,21.4,0.1,0.0
Bihar,2009,889.3,1054,33.41,57.98,24.41,15.63,Mild,0.3,0.4,1.1,2.9,98.5,67.7,213.6,298.9,127.6,72.6,5.1,0.8
Bihar,2010,629.2,1054,36.6,24.77,21.52,40.3,Severe,0.1,1.1,0.2,6.5,44.4,80.9,191.2,158.4,105.7,33.6,5.0,2.1
Bihar,2011,1097.1,1054,33.85,57.57,36.25,-4.09,Normal,4.2,7.7,9.2,23.9,74.5,211.0,241.1,278.7,234.1,10.0,2.0,0.9
Bihar,2012,1032.4,1054,30.73,57.27,35.53,2.05,Normal,18.1,2.7,7.3,20.4,18.8,96.2,354.0,240.4,233.8,34.3,6.4,0.0
Bihar,2013,1069.9,1054,32.31,56.06,37.35,-1.51,Normal,5.1,22.6,0.6,32.3,89.5,183.3,182.0,213.6,143.3,197.1,0.4,0.0
Bihar,2014,1061.0,1054,36.23,58.53,30.14,-0.66,Normal,17.0,33.5,8.4,0.7,103.9,115.2,265.4,307.6,160.3,47.8,0.0,1.2
Bihar,2015,872.7,1054,33.75,42.23,37.38,17.2,Mild,12.8,1.8,27.2,38.7,39.5,122.1,231.5,287.0,101.7,10.4,0.0,0.0
Chhattisgarh,2000,906.3,1292,32.8,38.01,30.58,29.85,Moderate,2.6,0.0,0.6,1.5,9.3,180.7,322.4,215.6,169.1,4.3,0.2,0.1
Chhattisgarh,2001,1600.1,1292,31.82,62.11,47.87,-23.85,Normal,0.8,0.3,14.6,17.6,16.6,339.4,630.6,380.3,108.4,86.9,4.6,0.0
Chhattisgarh,2002,990.2,1292,32.92,38.89,39.48,23.36,Mild,41.5,4.9,12.2,3.3,32.1,196.3,138.4,352.4,122.3,57.8,13.3,15.9
Chhattisgarh,2003,1694.3,1292,30.32,65.82,57.04,-31.14,Normal,3.7,17.7,12.1,2.6,0.7,128.7,446.6,519.7,384.1,157.6,5.8,14.9
Chhattisgarh,2004,1144.5,1292,37.16,53.88,27.84,11.42,Mild,37.8,16.7,3.1,21.2,6.8,213.1,323.1,351.7,126.5,43.9,0.7,0.1
Chhattisgarh,2005,1287.2,1292,31.06,61.13,36.31,0.37,Normal,57.6,15.6,6.1,6.5,16.4,197.0,393.8,267.7,240.5,83.5,1.6,1.0
Chhattisgarh,2006,1317.7,1292,32.73,59.97,36.16,-1.99,Normal,2.7,0.0,26.2,17.2,23.5,92.2,495.1,447.2,184.6,13.3,15.1,0.7
Chhattisgarh,2007,1281.2,1292,31.95,38.33,34.54,0.84,Normal,0.0,15.7,6.2,11.4,10.4,259.4,309.9,338.8,259.1,67.8,2.0,0.5
Chhattisgarh,2008,1108.5,1292,32.63,40.95,42.48,14.2,Mild,6.7,9.7,22.2,11.2,9.5,236.4,280.5,305.1,215.4,10.7,1.2,0.0
Chhattisgarh,2009,956.6,1292,31.22,38.52,30.27,25.96,Moderate,1.2,0.0,2.3,1.9,11.2,45.3,455.0,247.1,104.7,43.6,42.5,1.9
Chhattisgarh,2010,1306.6,1292,34.79,48.44,46.27,-1.13,Normal,7.9,4.9,1.0,5.9,12.6,102.6,426.8,340.3,302.5,54.3,20.2,27.6
Chhattisgarh,2011,1302.7,1292,31.95,50.55,42.64,-0.83,Normal,0.3,11.5,2.6,35.0,16.8,183.5,272.6,379.8,382.2,15.5,0.0,2.8
Chhattisgarh,2012,1377.4,1292,31.87,55.63,42.99,-6.61,Normal,36.6,4.8,1.1,14.9,9.4,147.3,430.6,442.2,245.3,19.8,20.4,5.0
Chhattisgarh,2013,1420.0,1292,30.44,61.02,47.27,-9.91,Normal,2.8,19.7,4.9,45.8,5.7,263.6,418.8,336.6,140.9,180.9,0.3,0.0
Chhattisgarh,2014,1278.7,1292,35.25,48.24,50.25,1.03,Normal,2.3,29.0,21.4,17.3,25.0,104.9,416.7,327.7,252.7,77.9,2.6,1.1
Chhattisgarh,2015,1117.6,1292,29.18,46.82,37.54,13.5,Mild,15.8,1.2,21.2,37.0,13.0,257.6,248.6,286.6,216.9,17.7,0.6,1.5
Gujarat,2000,418.35,832,36.54,24.54,19.07,49.72,Severe,0.0,0.05,0.0,0.0,19.5,34.15,262.9,89.6,9.0,1.2,0.0,1.85
Gujarat,2001,679.6,832,32.48,41.98,36.92,18.32,Mild,3.05,0.0,0.0,0.2,1.5,194.9,255.55,186.85,19.2,18.25,0.1,0.0
Gujarat,2002,472.65,832,36.17,27.78,27.22,43.19,Severe,2.05,0.0,0.05,0.0,0.0,200.3,26.9,178.0,64.4,0.4,0.15,0.35
Gujarat,2003,923.25,832,31.74,65.1,47.54,-10.97,Normal,0.0,3.25,0.05,0.0,0.0,138.75,460.45,252.65,65.6,2.45,0.0,0.0
Gujarat,2004,744.0,832,31.19,46.38,39.51,10.58,Mild,0.1,0.0,0.0,0.0,9.0,115.25,164.1,390.7,43.95,20.95,0.0,0.0
Gujarat,2005,974.0,832,31.86,64.28,47.41,-17.07,Normal,0.0,0.0,0.0,0.1,0.25,284.25,252.7,148.9,286.15,1.55,0.0,0.0
Gujarat,2006,1089.9,832,32.08,69.09,55.13,-31.0,Normal,0.0,0.0,1.35,0.0,0.1,94.85,474.7,407.3,104.4,5.3,1.6,0.3
Gujarat,2007,1034.8,832,29.65,67.32,55.24,-24.38,Normal,0.05,1.15,0.05,0.0,0.25,104.05,388.5,375.5,163.2,0.85,1.3,0.0
Gujarat,2008,759.5,832,34.35,54.27,43.04,8.71,Normal,0.05,0.05,0.05,1.8,0.05,77.1,206.1,242.3,217.95,8.7,0.35,5.0
Gujarat,2009,619.25,832,34.09,44.35,28.22,25.57,Moderate,0.0,0.0,0.15,0.0,0.0,42.55,399.7,124.75,31.85,15.35,4.8,0.0
Gujarat,2010,1104.3,832,30.03,72.35,53.58,-32.73,Normal,0.15,0.0,0.0,0.0,0.05,65.2,361.0,411.15,202.1,11.9,52.65,0.1
Gujarat,2011,816.5,832,33.34,49.88,49.72,1.86,Normal,0.0,0.8,0.0,0.0,0.0,21.15,235.95,371.3,186.3,0.8,0.05,0.0
Gujarat,2012,518.9,832,33.0,28.23,30.74,37.63,Moderate,0.05,0.0,0.0,0.1,0.05,28.4,106.45,132.4,246.15,4.75,0.0,0.5
Gujarat,2013,900.2,832,32.93,62.63,46.42,-8.2,Normal,0.85,0.55,0.1,6.55,0.05,141.7,288.3,147.2,273.75,40.9,0.05,0.0
Gujarat,2014,544.8,832,34.74,31.53,26.57,34.52,Moderate,3.0,0.05,0.15,0.75,1.7,14.45,222.6,128.7,167.15,4.25,2.0,0.0
Gujarat,2015,532.3,832,33.53,40.06,24.86,36.02,Moderate,1.35,0.0,5.25,3.8,0.85,116.65,290.7,24.0,86.65,2.75,0.3,0.0
Haryana,2000,384.4,617,33.36,32.66,26.99,37.7,Moderate,17.1,29.1,1.4,1.3,22.8,58.9,146.8,87.9,17.5,0.0,0.4,1.2
Haryana,2001,485.5,617,32.58,39.17,32.69,21.31,Mild,17.8,5.2,7.2,19.8,47.8,117.2,145.2,103.5,10.3,11.1,0.1,0.2
Haryana,2002,357.2,617,35.86,29.31,20.8,42.11,Severe,11.6,31.1,9.0,1.1,52.0,21.2,19.4,78.2,123.0,1.9,0.0,8.8
Haryana,2003,597.6,617,32.72,46.03,31.7,3.14,Normal,14.7,29.9,4.0,1.8,7.5,26.6,277.6,165.3,58.9,0.0,0.1,11.0
Haryana,2004,487.3,617,32.24,42.37,33.15,21.02,Mild,25.4,0.3,0.0,18.1,40.7,52.5,19.9,252.9,22.1,54.1,0.0,1.2
Haryana,2005,519.5,617,36.21,50.6,32.88,15.8,Mild,13.9,35.7,29.9,2.7,7.6,53.9,175.6,52.6,146.7,0.0,0.8,0.0
Haryana,2006,330.9,617,35.67,24.48,21.36,46.37,Severe,2.3,0.1,30.4,0.6,24.8,45.4,135.2,32.1,49.9,3.8,1.2,5.2
Haryana,2007,446.6,617,33.63,41.42,24.82,27.62,Moderate,0.5,76.0,40.1,2.0,12.4,88.7,82.0,87.9,55.2,0.1,0.3,1.4
Haryana,2008,710.4,617,31.83,70.99,45.51,-15.14,Normal,2.4,0.4,0.6,13.4,72.9,193.5,124.3,174.2,114.5,8.4,5.5,0.2
Haryana,2009,395.4,617,35.68,38.7,23.63,35.92,Moderate,4.1,5.9,5.7,11.7,17.7,15.2,106.4,63.8,160.8,2.5,1.1,0.4
Haryana,2010,640.5,617,32.14,57.16,42.01,-3.81,Normal,4.8,10.2,0.5,0.8,5.9,29.1,189.3,198.5,183.9,1.1,3.5,12.8
Haryana,2011,512.0,617,31.82,45.76,35.68,17.02,Mild,0.7,26.7,6.9,8.9,28.7,94.4,85.0,127.3,133.1,0.0,0.0,0.4
Haryana,2012,391.4,617,37.83,39.69,36.14,36.56,Moderate,8.2,0.2,0.1,11.8,3.8,5.3,68.1,196.6,90.7,2.4,0.6,3.5
Haryana,2013,461.2,617,32.49,45.47,30.82,25.25,Moderate,21.1,52.2,5.3,3.3,1.4,62.1,96.5,161.9,42.8,10.9,1.7,2.1
Haryana,2014,305.5,617,40.42,23.19,15.61,50.49,Severe,13.0,17.3,26.8,7.5,20.3,25.9,72.3,34.8,67.3,10.5,0.2,9.6
Haryana,2015,435.3,617,33.16,28.18,25.59,29.45,Moderate,12.4,6.6,71.8,34.8,8.4,43.7,130.3,89.2,32.1,3.7,2.3,0.2
Himachal Pradesh,2000,1068.4,1251,31.65,47.72,35.87,14.6,Mild,118.2,119.0,68.1,25.6,79.9,198.0,265.1,126.7,50.1,0.0,10.5,6.9
Himachal Pradesh,2001,991.8,1251,37.41,48.36,28.83,20.72,Mild,30.5,35.7,105.8,66.9,67.3,153.8,239.5,202.3,26.9,5.0,20.8,37.3
Himachal Pradesh,2002,990.4,1251,31.87,46.0,25.07,20.83,Mild,66.7,136.5,136.9,124.0,27.0,56.1,81.8,225.6,123.1,8.2,0.7,3.9
Himachal Pradesh,2003,1034.5,1251,37.05,51.38,30.73,17.31,Mild,39.5,116.6,113.0,52.9,35.9,61.4,187.7,228.7,135.5,0.3,22.5,40.4
Himachal Pradesh,2004,878.5,1251,30.96,45.39,27.52,29.78,Moderate,86.2,43.0,5.9,54.7,57.6,76.1,141.3,202.5,47.6,104.7,9.3,49.4
Himachal Pradesh,2005,1248.5,1251,34.49,46.92,36.92,0.2,Normal,147.8,222.9,143.3,35.2,52.4,52.6,317.2,114.2,156.3,1.8,0.3,4.5
Himachal Pradesh,2006,1218.4,1251,32.22,53.8,36.71,2.61,Normal,102.5,38.2,137.3,44.3,68.4,104.8,260.3,274.2,92.8,17.5,26.9,51.2
Himachal Pradesh,2007,1034.5,1251,34.63,40.14,32.37,17.31,Mild,1.3,121.0,177.0,9.6,39.3,155.7,155.2,234.3,85.7,18.7,1.0,35.6
Himachal Pradesh,2008,1114.2,1251,33.12,51.56,39.18,10.94,Mild,129.9,63.2,6.3,44.4,42.9,187.3,194.9,224.7,142.6,33.9,5.3,38.9
Himachal Pradesh,2009,956.5,1251,31.63,34.38,36.97,23.54,Mild,54.8,45.9,43.4,91.2,53.5,45.5,170.2,162.6,172.1,16.4,93.1,7.8
Himachal Pradesh,2010,1259.4,1251,32.61,51.63,48.02,-0.67,Normal,25.5,96.6,45.1,60.3,81.4,108.5,291.8,274.1,176.7,30.5,10.8,58.1
Himachal Pradesh,2011,1108.3,1251,33.14,54.62,35.77,11.41,Mild,43.9,97.4,49.7,62.4,45.1,118.3,177.7,380.2,120.3,6.0,0.3,6.9
Himachal Pradesh,2012,951.6,1251,38.04,50.61,29.18,23.93,Mild,92.3,51.3,28.4,55.9,9.4,31.1,241.5,280.6,133.1,3.1,3.2,21.8
Himachal Pradesh,2013,1211.9,1251,34.19,56.51,45.59,3.13,Normal,79.9,182.6,76.6,28.9,32.6,233.6,208.8,240.0,65.8,21.8,16.6,24.8
Himachal Pradesh,2014,1008.7,1251,31.62,47.78,37.54,19.37,Mild,69.6,124.9,125.2,60.6,68.9,51.7,203.6,146.7,84.6,19.3,4.5,49.3
Himachal Pradesh,2015,1210.5,1251,28.74,47.3,28.51,3.24,Normal,67.2,156.6,192.5,84.9,45.0,85.8,249.9,195.9,75.5,17.7,14.5,25.0
Jammu & Kashmir,2000,984.6,1000,31.58,57.74,46.9,1.54,Normal,159.5,106.6,90.4,30.4,51.1,95.5,193.7,123.6,73.2,1.4,21.0,38.2
Jammu & Kashmir,2001,952.7,1000,32.53,60.54,31.21,4.73,Normal,17.4,54.3,81.7,92.8,69.6,121.7,243.9,126.7,53.9,12.7,51.6,26.4
Jammu & Kashmir,2002,903.5,1000,29.37,49.41,38.06,9.65,Normal,58.7,101.2,105.5,86.3,33.0,94.2,78.7,217.4,97.9,15.2,0.7,14.6
Jammu & Kashmir,2003,1311.1,1000,29.45,61.77,52.0,-31.11,Normal,26.9,267.2,170.9,117.5,111.3,41.0,136.0,185.5,126.1,13.3,33.7,81.7
Jammu & Kashmir,2004,944.9,1000,29.83,55.32,39.63,5.51,Normal,176.0,70.6,21.2,118.9,87.5,95.2,118.0,77.9,40.5,73.3,23.3,42.4
Jammu & Kashmir,2005,1692.7,1000,24.58,90.0,62.41,-69.27,Normal,296.0,403.5,189.7,64.9,92.0,41.6,440.3,77.7,50.0,14.6,21.8,0.5
Jammu & Kashmir,2006,1519.8,1000,27.72,88.36,55.86,-51.98,Normal,200.3,92.3,96.8,34.4,43.8,74.3,209.0,331.5,203.0,46.2,72.5,115.8
Jammu & Kashmir,2007,1023.5,1000,32.82,53.64,36.98,-2.35,Normal,12.3,116.7,259.3,15.0,65.6,143.9,132.4,196.8,33.0,1.6,0.0,47.0
Jammu & Kashmir,2008,1224.5,1000,29.99,62.17,46.21,-22.45,Normal,153.5,130.8,9.9,97.7,63.3,134.9,266.3,166.0,44.7,42.4,25.2,89.8
Jammu & Kashmir,2009,698.9,1000,32.01,48.26,28.13,30.11,Moderate,120.3,117.9,63.7,113.5,64.3,64.1,0.0,96.5,50.5,8.1,0.0,0.0
Jammu & Kashmir,2010,997.9,1000,30.62,55.95,39.35,0.21,Normal,30.9,142.2,34.9,63.9,128.3,67.4,137.3,253.2,65.0,25.0,13.6,36.1
Jammu & Kashmir,2011,887.6,1000,32.46,51.89,39.29,11.24,Mild,43.4,211.6,97.8,89.0,32.4,72.5,81.6,131.2,72.0,19.4,12.9,23.8
Jammu & Kashmir,2012,1034.7,1000,30.66,54.03,40.01,-3.47,Normal,150.9,95.8,45.2,86.6,48.9,32.6,118.8,264.9,106.7,15.7,10.8,57.8
Jammu & Kashmir,2013,859.3,1000,28.52,39.69,41.21,14.07,Mild,52.2,136.4,41.9,47.4,47.4,80.5,125.1,219.1,41.2,34.4,13.4,20.3
Jammu & Kashmir,2014,1093.4,1000,34.54,58.89,46.62,-9.34,Normal,75.8,64.0,153.1,76.1,52.7,25.3,100.5,134.6,362.8,32.2,14.1,2.3
Jammu & Kashmir,2015,1572.8,1000,28.04,90.0,68.51,-57.28,Normal,27.9,187.2,341.4,173.3,64.6,121.4,233.2,129.2,130.2,87.1,38.1,39.3
Jharkhand,2000,1191.5,1200,31.8,49.83,31.68,0.71,Normal,3.6,21.2,6.3,19.6,67.7,185.3,358.4,152.8,356.9,19.1,0.4,0.2
Jharkhand,2001,1254.4,1200,32.04,53.71,34.7,-4.53,Normal,1.9,4.0,30.0,14.0,57.4,324.7,354.6,219.4,132.8,115.5,0.2,0.0
Jharkhand,2002,1034.9,1200,31.81,42.03,42.93,13.76,Mild,9.0,5.4,10.7,11.5,38.7,184.9,186.8,277.4,253.4,55.0,1.3,0.8
Jharkhand,2003,1245.0,1200,33.46,57.02,48.9,-3.75,Normal,3.3,30.5,33.6,17.9,21.5,152.4,247.5,245.1,224.0,255.5,6.2,7.4
Jharkhand,2004,1136.6,1200,32.58,47.79,45.5,5.28,Normal,5.5,2.7,3.1,41.0,31.1,184.4,200.7,327.0,211.5,128.1,0.1,1.6
Jharkhand,2005,960.4,1200,34.68,38.83,31.06,19.97,Mild,22.1,17.5,17.7,9.6,23.5,157.2,266.4,214.5,141.5,83.1,1.3,6.1
Jharkhand,2006,1459.5,1200,28.52,59.98,53.28,-21.62,Normal,0.3,0.2,22.4,15.7,107.4,198.3,447.1,337.2,298.7,24.6,7.4,0.0
Jharkhand,2007,1437.3,1200,34.24,58.88,50.72,-19.77,Normal,1.7,48.4,25.5,22.3,58.1,125.4,430.4,353.6,324.7,39.6,7.6,0.0
Jharkhand,2008,1325.3,1200,29.86,58.31,41.21,-10.44,Normal,19.4,3.6,6.2,10.7,42.9,366.3,377.9,310.5,152.9,34.0,1.0,0.0
Jharkhand,2009,996.1,1200,31.63,45.9,29.05,16.99,Mild,1.8,0.8,2.0,0.8,78.1,62.7,266.6,248.0,248.8,82.2,4.0,0.5
Jharkhand,2010,697.1,1200,35.89,31.7,22.04,41.91,Severe,0.2,2.3,0.9,6.3,29.2,92.6,170.2,155.1,160.5,55.1,4.7,20.0
Jharkhand,2011,1374.7,1200,29.02,60.12,49.6,-14.56,Normal,3.3,2.5,6.4,25.4,55.0,349.0,181.8,403.2,324.6,23.3,0.0,0.1
Jharkhand,2012,1065.0,1200,33.9,43.92,36.0,11.25,Mild,34.6,10.3,1.5,9.6,6.6,121.1,287.2,282.4,217.6,37.8,48.6,7.6
Jharkhand,2013,1253.6,1200,33.15,49.11,44.5,-4.47,Normal,1.1,17.9,1.6,22.3,85.0,181.5,211.1,278.1,173.8,281.1,0.0,0.0
Jharkhand,2014,1156.6,1200,30.96,55.86,34.74,3.62,Normal,9.9,47.5,22.9,1.9,98.2,139.7,321.3,290.9,178.2,44.9,0.0,1.2
Jharkhand,2015,1081.8,1200,29.18,41.44,36.3,9.85,Normal,12.2,2.6,21.6,55.5,25.5,183.3,429.7,240.7,85.1,22.7,0.2,2.7
Karnataka,2000,1756.97,1139,28.18,80.32,64.9,-54.26,Normal,5.57,6.2,0.43,26.83,108.23,413.93,414.4,402.3,199.03,165.33,9.8,5.0
Karnataka,2001,1545.3,1139,25.82,74.29,48.21,-35.67,Normal,1.07,0.5,0.73,61.37,66.87,372.7,385.73,305.07,176.27,143.3,30.37,1.37
Karnataka,2002,1359.8,1139,29.15,65.9,43.45,-19.39,Normal,2.13,10.17,1.03,22.07,93.93,334.87,231.0,334.87,96.87,218.27,14.3,0.3
Karnataka,2003,1436.07,1139,29.14,74.38,47.55,-26.08,Normal,0.17,3.1,14.57,32.87,7.77,386.3,409.17,297.9,117.4,156.07,8.8,1.93
Karnataka,2004,1615.1,1139,30.33,72.34,59.37,-41.8,Normal,3.9,5.17,8.1,38.93,201.07,369.5,340.5,392.8,135.5,89.27,26.8,3.53
Karnataka,2005,1865.9,1139,29.78,77.74,61.54,-63.82,Normal,4.5,1.63,2.9,67.0,51.4,353.0,576.73,349.5,253.8,174.27,28.63,2.57
Karnataka,2006,1839.47,1139,28.23,87.81,66.46,-61.5,Normal,0.4,0.03,18.97,14.23,187.27,371.33,480.47,372.53,217.63,105.77,70.43,0.37
Karnataka,2007,1976.03,1139,24.91,90.0,68.62,-73.49,Normal,3.93,2.37,3.07,35.67,58.9,461.4,462.93,456.43,344.8,115.27,23.07,8.2
Karnataka,2008,1686.47,1139,30.49,82.71,60.91,-48.07,Normal,0.4,14.9,126.5,27.03,53.27,357.37,323.93,434.6,225.73,87.6,27.13,8.0
Karnataka,2009,1977.97,1139,25.28,90.0,67.3,-73.66,Normal,0.27,0.03,24.13,22.43,88.37,221.3,746.17,258.23,331.4,184.73,76.8,24.07
Karnataka,2010,1926.57,1139,27.26,90.0,69.11,-69.15,Normal,10.63,1.53,3.2,49.6,71.53,307.3,542.93,357.7,246.1,168.8,162.3,4.9
Karnataka,2011,1883.73,1139,30.92,90.0,64.52,-65.38,Normal,2.47,7.8,9.43,62.5,59.87,432.27,477.9,404.27,241.8,132.33,47.97,5.07
Karnataka,2012,730.8,1139,37.27,33.25,15.47,35.84,Moderate,16.55,7.7,4.53,70.47,29.33,264.23,337.93,456.53,187.27,87.7,65.7,4.23
Karnataka,2013,2021.1,1139,23.79,88.24,69.22,-77.45,Normal,1.37,11.93,11.23,29.5,81.13,476.2,661.13,301.93,257.3,156.6,28.67,4.17
Karnataka,2014,1875.13,1139,26.87,90.0,67.49,-64.63,Normal,0.13,2.93,16.27,37.87,135.13,221.4,521.27,526.93,210.37,153.2,28.4,21.2
Karnataka,2015,1590.13,1139,28.39,80.93,44.79,-39.61,Normal,1.83,0.4,28.07,67.83,106.97,347.87,360.47,263.4,191.87,125.27,89.33,6.8
Kerala,2000,1892.35,2923,35.29,39.46,18.5,35.26,Moderate,47.5,38.35,12.45,72.1,164.55,429.6,219.35,443.2,180.15,177.8,67.2,40.05
Kerala,2001,2155.85,2923,36.39,42.26,27.43,26.25,Moderate,10.45,24.35,3.5,171.3,212.95,499.6,398.7,252.8,215.15,212.4,141.25,13.35
Kerala,2002,1770.45,2923,36.42,44.67,25.14,39.43,Moderate,7.75,12.75,21.45,70.35,260.3,382.45,200.0,291.05,74.5,344.95,95.2,9.75
Kerala,2003,1963.9,2923,35.12,34.66,22.63,32.81,Moderate,6.25,34.55,55.3,76.25,100.3,465.6,466.3,221.2,88.95,299.3,141.25,8.6
Kerala,2004,2219.65,2923,35.59,37.49,30.73,24.06,Mild,4.8,4.8,19.9,60.45,470.55,462.3,333.1,293.7,196.4,257.0,114.15,2.45
Kerala,2005,2303.25,2923,32.74,45.73,33.19,21.2,Mild,18.7,9.05,12.65,121.45,113.8,433.85,605.8,196.7,346.35,202.15,201.3,41.5
Kerala,2006,2509.6,2923,35.21,44.67,32.99,14.14,Mild,14.1,0.25,61.85,32.8,424.55,384.65,488.15,291.65,396.65,247.75,160.85,6.35
Kerala,2007,2925.6,2923,30.04,52.83,41.92,-0.09,Normal,1.5,4.9,3.75,80.35,179.45,639.65,696.85,392.15,492.1,306.65,67.5,60.75
Kerala,2008,2125.65,2923,35.7,35.39,33.44,27.28,Moderate,3.15,25.05,168.95,62.1,130.8,362.25,434.5,277.8,227.95,298.15,61.5,73.55
Kerala,2009,2190.35,2923,36.72,43.28,39.36,25.07,Moderate,4.0,1.5,31.35,43.55,176.85,419.7,595.65,227.15,235.8,146.3,220.3,88.25
Kerala,2010,2428.5,2923,31.81,39.47,24.34,16.92,Mild,18.7,0.5,16.3,87.25,134.8,493.2,482.85,345.55,218.55,298.4,268.3,64.15
Kerala,2011,2284.4,2923,36.74,46.26,30.98,21.85,Mild,12.8,24.25,13.6,125.55,115.7,471.05,443.5,373.35,323.2,172.3,177.0,32.2
Kerala,2012,1778.3,2923,35.69,27.83,36.56,39.16,Moderate,13.3,5.55,11.3,123.95,58.25,378.65,297.05,441.4,210.45,166.7,62.65,9.1
Kerala,2013,2340.85,2923,33.85,44.59,35.66,19.92,Mild,15.05,37.25,43.7,27.3,103.8,734.45,563.3,262.05,249.3,166.35,116.5,21.85
Kerala,2014,2220.7,2923,34.88,42.9,26.44,24.03,Mild,28.9,13.2,11.15,55.3,154.2,349.25,396.95,600.0,215.5,262.35,79.25,54.75
Kerala,2015,2121.75,2923,35.14,49.33,35.76,27.41,Moderate,2.65,3.15,26.9,150.6,167.45,430.1,331.75,199.3,226.65,236.75,227.3,119.2
Madhya Pradesh,2000,874.2,1017,36.31,44.72,29.44,14.04,Mild,0.1,0.0,0.1,0.1,18.75,130.45,349.1,172.2,71.5,1.5,0.0,0.1
Madhya Pradesh,2001,978.55,1017,32.05,53.2,43.96,3.78,Normal,2.2,0.4,1.75,14.5,14.4,229.55,368.8,221.4,38.95,86.1,0.5,0.0
Madhya Pradesh,2002,817.15,1017,30.19,51.84,31.35,19.65,Mild,1.1,24.65,1.35,0.95,4.55,116.2,65.8,404.75,166.55,24.5,5.75,1.0
Madhya Pradesh,2003,1192.25,1017,29.77,59.42,38.62,-17.23,Normal,0.9,40.35,1.15,1.0,0.35,124.3,337.15,299.1,374.1,10.7,0.35,2.7
Madhya Pradesh,2004,901.7,1017,34.55,49.13,29.02,11.34,Mild,18.3,0.2,0.0,1.05,4.35,145.9,210.55,395.5,87.8,34.45,3.15,0.4
Madhya Pradesh,2005,1059.3,1017,29.08,55.61,50.01,-4.16,Normal,24.45,6.85,19.85,4.75,21.8,122.55,471.45,193.55,176.75,14.45,0.0,2.9
Madhya Pradesh,2006,1056.3,1017,31.17,49.61,40.32,-3.86,Normal,0.0,0.0,47.3,8.75,20.4,65.4,336.4,415.1,136.1,13.35,10.45,3.0
Madhya Pradesh,2007,730.15,1017,33.71,26.0,28.45,28.21,Moderate,4.35,18.9,5.6,1.75,10.4,87.35,256.7,191.6,134.2,1.55,16.65,1.05
Madhya Pradesh,2008,897.15,1017,32.48,52.0,44.53,11.78,Mild,0.9,2.05,5.7,2.5,4.55,250.9,245.0,238.0,127.9,14.2,5.25,0.2
Madhya Pradesh,2009,910.45,1017,35.09,47.89,30.28,10.48,Mild,10.15,0.5,0.95,2.0,5.1,46.05,318.95,182.0,174.15,79.4,72.15,19.05
Madhya Pradesh,2010,868.35,1017,38.32,47.26,34.22,14.62,Mild,2.55,7.9,0.45,0.4,1.05,60.3,310.9,281.7,174.75,18.6,7.75,2.05
Madhya Pradesh,2011,1169.55,1017,30.75,64.24,45.28,-15.0,Normal,0.3,1.8,0.2,4.45,4.15,287.0,315.15,335.1,220.75,0.65,0.0,0.0
Madhya Pradesh,2012,1044.15,1017,30.64,53.73,40.9,-2.67,Normal,22.8,0.35,0.3,1.0,2.15,58.0,419.05,346.45,183.45,7.4,1.9,1.35
Madhya Pradesh,2013,1459.1,1017,27.44,75.34,57.92,-43.47,Normal,1.85,37.25,11.3,6.15,0.35,287.8,470.65,456.7,88.45,96.45,0.4,1.7
Madhya Pradesh,2014,894.9,1017,32.45,55.92,21.94,12.01,Mild,28.85,42.05,11.2,3.25,1.95,61.2,310.4,221.4,166.1,31.7,2.45,14.35
Madhya Pradesh,2015,990.75,1017,34.39,59.81,28.6,2.58,Normal,38.75,8.7,63.45,19.55,4.15,146.65,345.2,274.35,63.6,24.6,0.75,0.95
Maharashtra,2000,1406.1,1177,29.76,63.85,40.75,-19.46,Normal,0.53,5.32,0.2,0.78,63.48,334.15,507.12,368.7,74.42,47.52,1.25,2.62
Maharashtra,2001,1258.75,1177,29.89,53.27,51.54,-6.95,Normal,5.92,0.15,4.0,8.93,19.15,296.33,327.85,346.95,116.53,129.2,3.58,0.12
Maharashtra,2002,1231.35,1177,33.5,63.9,45.46,-4.62,Normal,2.4,2.8,0.73,6.2,10.12,434.2,173.68,408.02,140.97,48.3,3.9,0.1
Maharashtra,2003,1338.4,1177,28.64,59.92,47.93,-13.71,Normal,0.85,2.12,2.05,3.62,14.45,333.47,469.88,309.23,162.15,37.15,2.78,0.55
Maharashtra,2004,1356.5,1177,28.34,66.95,44.9,-15.25,Normal,2.9,1.5,1.52,5.12,34.62,283.1,373.97,415.93,184.5,40.2,13.07,0.08
Maharashtra,2005,1748.02,1177,27.37,85.24,61.63,-48.52,Normal,23.25,2.05,5.58,4.65,5.58,293.7,627.2,350.4,353.88,81.72,0.0,0.08
Maharashtra,2006,1741.6,1177,27.44,87.18,53.78,-47.97,Normal,0.0,0.0,24.57,4.5,75.42,284.52,489.9,507.7,250.53,88.48,15.93,0.0
Maharashtra,2007,1597.62,1177,30.37,77.62,52.75,-35.74,Normal,0.35,0.43,0.4,2.33,12.53,412.07,401.75,420.75,320.18,19.3,7.47,0.03
Maharashtra,2008,1370.72,1177,31.34,57.8,51.2,-16.46,Normal,0.08,0.53,20.85,1.85,4.22,277.75,323.12,373.88,323.05,42.52,1.95,0.88
Maharashtra,2009,1274.5,1177,30.97,56.94,48.56,-8.28,Normal,0.03,0.42,0.65,0.93,6.55,135.18,512.75,196.02,200.07,126.12,92.35,3.48
Maharashtra,2010,1788.82,1177,26.43,76.55,53.01,-51.98,Normal,5.97,1.95,3.08,1.2,5.02,282.73,617.55,439.65,273.05,94.0,63.48,1.2
Maharashtra,2011,1558.62,1177,30.62,66.43,61.74,-32.42,Normal,0.0,1.32,0.28,4.9,1.93,301.85,530.67,439.32,224.43,53.15,0.78,0.0
Maharashtra,2012,1335.65,1177,26.76,70.9,46.45,-13.48,Normal,0.78,0.03,0.0,1.2,1.25,224.65,415.77,341.98,253.55,93.5,3.02,0.0
Maharashtra,2013,1723.6,1177,28.09,77.82,60.57,-46.44,Normal,2.5,8.28,1.82,4.12,7.85,442.07,654.8,276.9,209.2,108.72,3.38,3.98
Maharashtra,2014,1265.88,1177,31.32,64.67,43.59,-7.55,Normal,1.75,10.8,38.7,5.68,15.53,93.97,503.43,317.23,212.32,42.17,16.72,7.6
Maharashtra,2015,1063.12,1177,33.07,47.86,35.85,9.68,Normal,10.12,1.78,44.08,20.23,15.2,328.48,200.7,211.4,177.32,41.55,12.07,0.08
Nagaland,2000,2363.9,1722,29.63,66.95,48.17,-37.28,Normal,22.5,26.1,129.1,214.2,403.6,325.4,269.2,465.0,298.3,185.2,24.2,1.1
Nagaland,2001,2149.0,1722,31.5,69.49,49.0,-24.8,Normal,1.5,46.9,38.8,83.6,313.8,478.0,322.6,263.0,269.0,266.4,65.4,0.2
Nagaland,2002,2242.3,1722,29.62,73.36,49.39,-30.21,Normal,18.6,3.9,62.7,143.8,438.7,351.6,462.2,358.4,225.7,98.9,71.9,6.0
Nagaland,2003,2162.2,1722,28.4,70.04,45.33,-25.56,Normal,3.8,11.5,78.0,158.9,265.6,590.9,262.4,281.7,288.4,175.1,5.1,40.9
Nagaland,2004,2353.7,1722,29.88,66.66,59.82,-36.68,Normal,4.8,2.7,11.0,341.5,211.0,449.2,558.6,284.3,351.0,132.7,6.4,0.5
Nagaland,2005,1836.7,1722,32.41,59.94,47.58,-6.66,Normal,6.4,15.0,118.6,98.1,237.0,212.3,301.5,334.8,292.6,194.3,15.6,10.5
Nagaland,2006,1872.0,1722,34.63,64.86,34.28,-8.71,Normal,0.6,12.4,5.5,111.1,382.2,445.6,335.0,241.6,231.1,90.4,13.0,3.7
Nagaland,2007,2538.2,1722,25.65,77.95,59.09,-47.4,Normal,7.9,54.7,28.7,220.4,276.7,446.3,430.0,373.8,426.6,180.5,82.6,10.1
Nagaland,2008,1748.9,1722,32.91,52.23,41.56,-1.56,Normal,30.7,13.8,49.6,54.9,200.8,327.4,333.3,358.6,223.7,150.2,4.7,1.2
Nagaland,2009,1737.7,1722,30.42,52.44,33.33,-0.91,Normal,0.0,3.2,27.5,93.1,209.5,271.9,295.8,380.9,271.3,158.2,26.1,0.2
Nagaland,2010,2295.2,1722,27.49,66.55,48.44,-33.29,Normal,1.0,7.9,85.8,161.5,294.0,411.6,367.5,393.2,309.8,220.2,9.2,33.5
Nagaland,2011,1892.1,1722,33.32,55.69,57.11,-9.88,Normal,12.6,3.6,51.4,81.1,334.9,374.2,313.3,367.6,258.3,92.6,2.4,0.2
Nagaland,2012,1922.9,1722,32.05,62.34,40.37,-11.67,Normal,24.5,10.2,20.3,243.5,163.5,396.2,280.1,342.7,248.7,160.9,32.0,0.4
Nagaland,2013,1557.2,1722,34.17,46.86,36.78,9.57,Normal,0.2,5.7,19.7,60.3,348.9,206.6,255.9,291.3,241.4,125.6,0.3,1.2
Nagaland,2014,1599.9,1722,37.69,50.62,42.91,7.09,Normal,1.2,21.0,25.4,49.6,192.5,268.3,295.7,372.3,300.9,69.6,3.3,0.1
Nagaland,2015,1922.4,1722,29.66,61.23,53.51,-11.64,Normal,14.4,14.2,21.6,253.5,198.3,283.9,413.6,334.2,255.9,118.7,3.9,10.0
Odisha,2000,1097.2,1451,32.7,50.65,33.79,24.38,Mild,0.9,33.3,1.1,21.3,74.7,233.7,272.3,273.6,158.0,26.6,1.6,0.1
Odisha,2001,1672.5,1451,29.65,66.56,50.97,-15.27,Normal,0.4,1.4,32.3,28.7,71.0,336.1,584.2,380.9,132.0,86.8,18.7,0.0
Odisha,2002,1102.8,1451,35.16,33.95,26.77,24.0,Mild,11.7,0.2,13.1,25.1,67.5,182.4,170.2,371.2,206.5,47.1,7.8,0.0
Odisha,2003,1648.2,1451,30.42,62.1,48.54,-13.59,Normal,0.1,16.2,21.6,24.7,22.6,178.9,367.5,425.1,264.3,287.4,11.0,28.8
Odisha,2004,1290.4,1451,33.24,42.24,37.47,11.07,Mild,6.8,8.0,6.4,49.2,29.7,216.4,328.0,346.4,148.1,149.6,1.8,0.0
Odisha,2005,1503.4,1451,32.93,59.79,46.85,-3.61,Normal,29.4,4.0,24.3,20.9,44.9,199.4,410.3,201.0,342.8,206.9,12.4,7.1
Odisha,2006,1716.9,1451,32.2,67.37,46.98,-18.33,Normal,0.2,0.0,29.9,25.0,105.6,175.2,454.0,624.9,254.7,26.4,21.0,0.0
Odisha,2007,1633.8,1451,27.67,64.08,46.08,-12.6,Normal,0.7,32.5,8.0,21.0,62.8,321.0,285.1,420.6,401.7,66.4,14.0,0.0
Odisha,2008,1538.9,1451,32.06,51.95,37.02,-6.06,Normal,27.5,10.4,17.5,28.2,37.4,343.5,306.4,388.3,355.0,22.1,2.7,0.0
Odisha,2009,1330.3,1451,34.77,50.23,40.08,8.32,Normal,1.9,0.5,2.7,1.1,68.2,87.3,586.0,286.9,162.5,105.8,27.3,0.1
Odisha,2010,1291.9,1451,32.93,49.12,40.31,10.96,Mild,8.8,1.2,5.6,7.8,93.0,146.4,304.9,282.7,236.0,133.0,35.6,37.2
Odisha,2011,1346.2,1451,31.55,51.51,34.8,7.22,Normal,3.7,16.2,4.9,58.2,75.6,210.1,199.6,358.6,398.7,20.2,0.1,0.4
Odisha,2012,1405.9,1451,31.38,51.74,39.87,3.11,Normal,50.8,3.6,0.9,34.8,21.3,169.6,324.3,417.0,242.4,66.0,72.1,3.1
Odisha,2013,1632.4,1451,30.04,68.15,40.53,-12.5,Normal,3.3,7.8,2.1,53.6,57.7,272.6,380.0,254.9,208.1,391.0,1.2,0.0
Odisha,2014,1536.9,1451,31.15,56.06,49.6,-5.92,Normal,0.0,17.6,25.1,11.7,111.9,92.2,496.2,386.3,281.1,111.8,2.2,0.9
Odisha,2015,1210.1,1451,33.72,51.03,25.93,16.6,Mild,15.1,3.3,10.5,67.6,32.6,238.6,294.8,264.0,237.0,24.7,6.2,15.6
Punjab,2000,405.3,649,35.54,38.8,25.39,37.55,Moderate,25.4,26.6,6.9,1.3,15.3,50.1,164.8,70.0,42.0,0.0,0.7,2.2
Punjab,2001,441.0,649,36.69,34.79,34.23,32.05,Moderate,8.0,2.1,6.2,24.5,36.9,93.8,173.9,69.5,19.9,1.5,0.9,3.8
Punjab,2002,274.7,649,41.21,21.47,14.7,57.67,Severe,2.4,6.6,6.8,3.3,20.8,24.7,50.4,58.4,95.0,2.6,0.0,3.7
Punjab,2003,424.6,649,37.67,43.88,23.56,34.58,Moderate,10.6,56.4,19.4,3.0,3.9,40.7,136.7,94.7,52.2,0.0,2.2,5.0
Punjab,2004,351.7,649,34.82,28.4,14.95,45.81,Severe,32.4,5.7,0.0,15.5,27.2,48.8,52.1,124.2,8.9,31.2,0.8,5.0
Punjab,2005,552.0,649,31.36,41.76,30.18,14.95,Mild,35.8,60.3,28.6,8.4,5.2,34.6,176.7,95.3,106.7,0.4,0.0,0.0
Punjab,2006,647.7,649,31.95,56.06,47.67,0.2,Normal,15.0,3.7,46.1,1.3,32.1,73.0,220.3,90.8,120.7,24.6,13.4,6.7
Punjab,2007,594.8,649,30.67,55.33,35.59,8.35,Normal,1.2,68.8,48.2,10.0,5.9,64.4,95.1,215.4,73.7,0.6,0.9,10.6
Punjab,2008,717.1,649,31.06,64.15,38.58,-10.49,Normal,12.0,4.1,0.0,19.7,40.6,155.5,101.9,312.2,59.8,9.9,0.6,0.9
Punjab,2009,361.2,649,36.31,31.44,24.72,44.35,Severe,9.4,14.4,10.5,14.0,5.6,10.6,158.0,76.8,54.7,4.0,2.7,0.4
Punjab,2010,451.5,649,35.01,50.54,24.64,30.43,Moderate,3.8,13.8,1.9,0.7,6.0,41.8,143.8,96.7,112.8,4.7,1.1,24.4
Punjab,2011,705.2,649,30.25,56.65,40.69,-8.66,Normal,3.5,35.6,8.2,17.8,18.9,162.9,120.9,193.5,140.2,0.0,1.0,2.6
Punjab,2012,493.6,649,32.64,47.78,37.52,23.94,Mild,62.6,3.2,1.9,31.1,1.6,11.9,120.2,135.1,112.3,2.2,0.4,11.0
Punjab,2013,586.6,649,31.63,45.55,38.51,9.61,Normal,9.3,50.1,11.6,3.4,3.6,120.3,117.9,217.1,24.4,16.2,6.1,6.6
Punjab,2014,382.7,649,34.18,35.6,24.6,41.03,Severe,21.8,20.1,30.3,24.5,20.8,20.6,76.3,41.9,105.8,6.0,0.7,14.1
Punjab,2015,510.8,649,30.67,51.03,40.46,21.29,Mild,17.7,31.3,68.5,29.8,16.7,48.3,130.2,88.6,69.2,9.0,0.8,0.7
Rajasthan,2000,337.65,531,33.69,33.03,26.86,36.41,Moderate,0.4,0.55,0.35,2.7,12.65,14.2,221.1,67.55,17.2,0.75,0.25,0.05
Rajasthan,2001,418.25,531,34.37,46.61,41.56,21.23,Mild,0.7,0.6,0.2,7.95,23.35,74.4,197.15,97.55,5.25,8.25,0.0,2.9
Rajasthan,2002,188.85,531,36.8,20.0,7.33,64.44,Severe,0.95,6.8,0.55,1.3,9.9,49.15,7.95,73.9,30.9,0.45,1.65,5.25
Rajasthan,2003,497.35,531,31.05,51.35,46.44,6.34,Normal,3.3,21.3,0.65,0.3,2.65,60.9,217.1,136.05,53.75,0.15,0.0,1.2
Rajasthan,2004,401.45,531,32.92,42.7,30.16,24.4,Mild,2.45,0.0,0.0,3.5,7.65,43.15,66.35,237.6,16.65,23.1,0.2,0.85
Rajasthan,2005,414.35,531,36.13,55.55,28.56,21.97,Mild,0.9,8.9,7.2,6.25,9.65,42.4,162.55,52.15,124.15,0.0,0.05,0.0
Rajasthan,2006,554.85,531,30.66,62.69,45.21,-4.49,Normal,0.0,0.0,14.4,1.9,10.7,55.35,134.3,272.55,60.1,3.85,0.25,1.5
Rajasthan,2007,443.25,531,37.02,48.83,31.59,16.53,Mild,0.35,25.85,16.3,1.9,4.65,52.1,156.75,118.65,65.85,0.0,0.05,0.7
Rajasthan,2008,484.35,531,33.88,55.71,40.59,8.79,Normal,0.85,0.1,0.65,13.6,23.4,108.35,111.6,150.6,67.85,1.7,1.4,4.2
Rajasthan,2009,287.25,531,36.69,35.09,27.48,45.9,Severe,1.7,1.5,3.85,0.9,6.65,32.5,134.1,70.2,26.5,5.6,3.55,0.3
Rajasthan,2010,581.3,531,34.01,63.45,42.95,-9.47,Normal,1.9,2.05,0.55,0.5,1.85,38.4,163.05,219.65,112.7,0.85,34.8,5.1
Rajasthan,2011,610.4,531,31.1,69.26,41.9,-14.95,Normal,0.0,11.5,0.85,1.0,6.45,82.65,141.05,225.45,141.35,0.05,0.0,0.0
Rajasthan,2012,510.45,531,33.05,50.9,38.6,3.87,Normal,1.2,0.0,0.0,6.55,9.95,8.25,105.45,265.85,111.65,1.2,0.0,0.35
Rajasthan,2013,612.75,531,33.33,64.42,46.39,-15.4,Normal,5.0,21.75,2.3,3.15,1.35,64.1,211.75,208.35,73.35,20.35,1.15,0.15
Rajasthan,2014,492.85,531,29.86,54.78,40.35,7.18,Normal,14.6,6.1,5.55,7.85,15.7,18.65,145.7,165.3,110.9,1.85,0.1,0.55
Rajasthan,2015,554.55,531,35.97,55.9,42.87,-4.44,Normal,6.75,0.5,43.1,20.55,9.5,74.8,266.1,101.65,27.9,3.05,0.3,0.4
Tamil Nadu,2000,972.0,998,32.71,61.45,38.48,2.61,Normal,30.3,74.5,9.4,41.6,54.7,52.2,45.8,136.1,169.8,120.3,148.6,88.9
Tamil Nadu,2001,483.4,998,36.68,29.68,20.31,51.56,Severe,21.8,10.9,13.0,93.8,45.0,39.9,37.2,18.7,53.8,69.5,52.3,27.6
Tamil Nadu,2002,318.0,998,36.56,20.0,18.11,68.14,Severe,2.9,22.1,3.9,9.2,32.6,23.7,11.8,26.5,32.2,93.7,47.2,12.2
Tamil Nadu,2003,348.5,998,35.15,20.0,10.47,65.08,Severe,0.3,4.1,18.0,17.1,19.8,22.5,38.7,49.3,26.1,86.0,59.5,7.1
Tamil Nadu,2004,1037.6,998,34.07,49.57,38.79,-3.97,Normal,2.8,0.7,3.0,16.2,101.1,21.2,98.6,85.1,208.3,271.1,204.5,25.0
Tamil Nadu,2005,1365.3,998,29.81,83.07,54.39,-36.8,Normal,4.1,11.1,24.4,128.0,80.6,35.7,87.9,93.3,117.9,280.5,353.4,148.5
Tamil Nadu,2006,927.9,998,31.45,60.54,29.95,7.02,Normal,15.3,0.2,52.4,32.6,65.2,57.2,33.6,73.4,116.3,240.4,215.1,26.1
Tamil Nadu,2007,1067.2,998,27.05,61.01,40.26,-6.93,Normal,7.2,7.5,1.8,58.0,44.9,73.1,101.0,136.5,89.1,248.9,79.2,219.9
Tamil Nadu,2008,1203.4,998,28.31,69.86,49.45,-20.58,Normal,11.7,29.1,164.7,31.5,53.7,51.1,73.1,126.5,70.7,242.7,298.5,50.1
Tamil Nadu,2009,928.5,998,31.43,44.77,41.58,6.96,Normal,7.9,0.0,41.0,41.4,74.8,27.0,42.1,96.9,114.4,62.1,314.7,106.2
Tamil Nadu,2010,1095.2,998,32.52,59.86,53.13,-9.74,Normal,11.8,0.2,1.9,22.9,91.9,70.0,81.4,102.9,111.1,148.1,328.6,124.5
Tamil Nadu,2011,926.5,998,30.43,43.43,33.67,7.16,Normal,4.3,11.2,8.0,91.5,33.4,56.0,45.5,128.9,76.0,200.4,230.5,41.0
Tamil Nadu,2012,636.1,998,34.81,36.27,24.29,36.26,Moderate,3.0,0.1,2.5,35.5,41.9,30.1,46.5,98.0,84.9,235.2,44.5,14.0
Tamil Nadu,2013,741.9,998,34.76,34.63,36.95,25.66,Moderate,3.9,30.9,30.0,20.3,42.0,54.6,42.7,110.7,113.5,127.9,112.3,53.2
Tamil Nadu,2014,913.0,998,32.52,55.9,38.31,8.52,Normal,7.4,6.1,8.1,8.3,139.1,47.8,50.6,117.7,98.9,252.2,110.8,66.0
Tamil Nadu,2015,1204.6,998,31.26,69.23,50.52,-20.7,Normal,8.3,2.3,21.7,108.8,112.4,62.4,43.5,81.6,98.4,132.6,379.8,152.8
Telangana,2000,1078.0,912,31.83,71.66,48.26,-18.2,Normal,0.6,16.8,1.0,16.3,48.8,253.2,220.9,420.5,70.7,20.2,6.4,2.5
Telangana,2001,922.3,912,33.33,55.17,47.65,-1.13,Normal,8.5,0.0,21.5,37.3,7.5,183.9,123.8,266.8,119.9,135.6,17.4,0.0
Telangana,2002,765.3,912,31.93,55.16,33.36,16.09,Mild,18.8,10.1,7.6,7.7,32.0,143.2,91.7,321.7,52.4,76.2,3.9,0.0
Telangana,2003,963.2,912,28.69,58.73,38.84,-5.61,Normal,0.0,10.7,21.9,14.0,7.9,112.6,312.2,266.5,103.2,101.7,7.3,5.3
Telangana,2004,667.0,912,35.83,36.96,27.02,26.86,Moderate,34.4,17.9,9.3,25.9,34.6,64.6,216.7,117.7,110.1,30.6,5.3,0.0
Telangana,2005,1163.1,912,26.02,67.88,38.89,-27.53,Normal,43.4,14.1,14.6,23.8,19.7,115.1,400.3,126.9,246.3,136.1,3.9,18.8
Telangana,2006,1053.0,912,27.6,67.31,50.11,-15.46,Normal,0.0,0.0,42.7,38.6,46.1,104.8,169.5,308.2,280.2,28.1,34.7,0.0
Telangana,2007,843.3,912,33.45,46.02,36.75,7.53,Normal,0.0,0.0,0.1,0.1,9.2,176.6,134.6,206.6,262.3,40.8,13.0,0.0
Telangana,2008,1035.3,912,30.91,56.64,52.92,-13.52,Normal,0.2,18.6,108.6,15.7,4.9,132.9,183.4,391.8,146.7,24.2,7.5,0.8
Telangana,2009,666.3,912,35.91,39.08,29.36,26.94,Moderate,0.0,0.0,2.1,4.5,13.1,85.8,118.4,192.3,149.7,69.5,29.6,1.2
Telangana,2010,1276.4,912,29.22,66.77,54.75,-39.96,Normal,10.3,5.3,1.5,5.6,24.9,127.0,395.5,308.1,249.8,98.7,40.5,9.3
Telangana,2011,753.1,912,32.03,40.41,31.63,17.42,Mild,0.0,11.9,2.6,25.6,9.3,83.9,268.2,225.9,107.6,13.9,4.2,0.0
Telangana,2012,1008.6,912,34.75,64.03,41.38,-10.59,Normal,6.7,0.0,0.2,14.0,8.4,124.4,300.3,229.9,202.4,83.6,38.7,0.0
Telangana,2013,1348.7,912,29.31,88.33,63.78,-47.88,Normal,2.4,29.0,0.2,24.4,8.5,213.4,453.8,230.6,161.4,205.9,16.4,2.7
Telangana,2014,746.4,912,33.57,41.78,36.23,18.16,Mild,0.2,2.9,58.3,10.3,73.3,62.3,146.0,205.2,146.8,29.6,10.8,0.7
Telangana,2015,857.3,912,33.27,56.18,40.78,6.0,Normal,17.5,0.0,43.0,65.7,23.3,266.9,104.4,160.5,158.3,15.6,0.3,1.7
Uttar Pradesh,2000,859.1,899,34.45,49.88,44.81,4.44,Normal,5.7,14.1,2.3,6.3,31.1,171.05,246.05,221.8,150.9,0.65,9.05,0.1
Uttar Pradesh,2001,817.75,899,33.12,60.41,32.94,9.04,Normal,1.8,1.85,1.95,8.1,28.15,196.7,288.0,154.0,89.4,45.8,1.95,0.05
Uttar Pradesh,2002,657.15,899,37.62,41.19,25.98,26.9,Moderate,15.9,31.85,1.3,1.6,25.35,39.8,65.65,232.2,222.4,13.65,0.9,6.6
Uttar Pradesh,2003,1071.95,899,29.49,63.98,49.82,-19.24,Normal,16.2,38.65,2.55,6.6,3.95,99.5,285.4,257.8,345.2,4.15,0.4,11.45
Uttar Pradesh,2004,694.6,899,34.86,39.63,30.78,22.74,Mild,21.7,1.25,0.0,14.35,23.75,110.15,171.85,199.05,105.25,46.75,0.4,0.15
Uttar Pradesh,2005,748.0,899,37.63,54.4,35.46,16.8,Mild,12.05,15.95,16.45,1.05,7.45,62.3,294.25,161.65,161.1,13.85,0.0,1.75
Uttar Pradesh,2006,580.7,899,34.91,36.13,28.91,35.41,Moderate,0.25,0.0,15.45,5.9,30.6,87.0,255.35,112.4,58.6,12.9,0.95,1.25
Uttar Pradesh,2007,656.85,899,32.11,38.9,20.88,26.94,Moderate,0.25,56.75,31.6,2.05,19.65,76.45,210.15,166.3,84.25,8.2,0.0,1.25
Uttar Pradesh,2008,876.6,899,33.0,56.87,36.59,2.49,Normal,2.0,1.3,0.1,3.5,20.45,208.75,300.05,228.5,101.8,7.7,2.3,0.0
Uttar Pradesh,2009,579.7,899,37.99,29.34,18.47,35.52,Moderate,0.65,2.5,1.0,4.65,17.8,23.5,133.85,180.75,132.5,70.1,9.4,2.9
Uttar Pradesh,2010,756.45,899,33.72,51.51,42.08,15.86,Mild,2.7,11.85,0.1,0.2,12.0,18.2,251.4,214.85,224.2,10.1,8.65,2.1
Uttar Pradesh,2011,779.3,899,32.15,53.07,34.48,13.31,Mild,1.55,6.55,2.75,2.85,30.9,169.85,206.9,232.2,124.05,0.65,0.25,0.75
Uttar Pradesh,2012,496.15,899,35.24,34.77,25.34,44.81,Severe,17.4,0.65,2.4,3.75,0.25,11.25,189.65,152.55,116.1,0.6,0.2,1.35
Uttar Pradesh,2013,987.1,899,28.06,67.77,50.82,-9.8,Normal,13.25,64.55,3.1,5.15,1.6,250.15,231.95,266.6,65.2,79.3,1.1,5.0
Uttar Pradesh,2014,594.05,899,33.46,38.32,28.9,33.92,Moderate,47.85,27.6,19.0,3.5,10.85,34.9,188.05,109.55,95.7,44.65,0.0,12.35
Uttar Pradesh,2015,593.0,899,35.24,33.53,23.03,34.04,Moderate,30.8,5.65,57.5,22.1,8.35,83.65,186.6,159.65,24.2,9.35,1.25,3.95
Uttarakhand,2000,1712.9,1539,31.04,67.08,47.24,-11.3,Normal,29.9,69.4,37.9,18.1,83.3,313.9,420.1,536.1,195.3,1.1,7.0,0.7
Uttarakhand,2001,1544.4,1539,31.23,59.05,25.9,-0.35,Normal,22.7,27.9,83.4,48.2,109.1,297.3,493.0,371.7,68.3,6.3,1.4,15.1
Uttarakhand,2002,1574.7,1539,34.11,47.58,39.12,-2.32,Normal,53.8,123.2,100.0,76.3,82.3,139.6,205.7,465.4,301.3,19.9,3.0,4.2
Uttarakhand,2003,1734.3,1539,28.75,55.51,50.88,-12.69,Normal,40.7,126.0,99.7,54.1,67.1,145.2,515.3,416.2,239.9,1.8,4.8,23.6
Uttarakhand,2004,1219.6,1539,32.72,45.32,31.46,20.75,Mild,58.5,11.7,0.0,51.5,66.0,130.7,400.9,326.3,96.8,70.7,0.8,5.7
Uttarakhand,2005,1348.2,1539,33.95,48.57,28.63,12.4,Mild,64.1,83.2,54.2,12.8,52.1,74.0,400.1,249.2,337.9,14.1,2.2,4.3
Uttarakhand,2006,1178.9,1539,35.86,39.66,22.86,23.4,Mild,48.7,9.6,71.7,52.2,120.5,104.2,345.6,294.7,79.1,18.8,6.8,27.0
Uttarakhand,2007,1924.3,1539,29.14,76.27,54.27,-25.04,Normal,1.7,138.9,123.1,41.1,78.8,139.9,522.9,502.8,325.6,25.1,7.8,16.7
Uttarakhand,2008,1363.7,1539,32.21,46.99,33.84,11.39,Mild,55.6,11.7,18.1,93.0,67.3,332.4,313.3,245.8,190.8,23.1,11.9,0.6
Uttarakhand,2009,847.8,1539,39.75,32.21,24.19,44.91,Severe,1.8,27.6,18.8,18.4,77.6,41.9,157.5,202.6,206.6,81.3,12.6,0.9
Uttarakhand,2010,1424.0,1539,34.66,52.08,35.72,7.47,Normal,11.4,62.1,3.8,13.8,47.0,72.7,455.8,335.7,389.7,8.0,4.5,19.5
Uttarakhand,2011,1564.7,1539,31.47,55.56,40.48,-1.67,Normal,30.9,65.2,18.0,30.9,84.2,223.1,433.3,523.7,148.4,3.4,1.2,2.3
Uttarakhand,2012,1223.9,1539,35.09,44.0,35.47,20.47,Mild,38.8,11.9,28.1,39.2,9.1,46.0,387.1,419.5,220.6,4.7,3.4,15.5
Uttarakhand,2013,1735.4,1539,30.82,62.41,35.11,-12.76,Normal,73.0,188.3,22.0,24.7,18.2,488.9,413.4,359.4,111.3,29.1,3.2,3.8
Uttarakhand,2014,1287.4,1539,35.14,47.74,38.45,16.35,Mild,45.9,99.9,68.4,37.6,52.9,62.9,462.7,264.2,107.9,40.8,0.0,44.3
Uttarakhand,2015,1247.6,1539,27.72,55.03,31.73,18.93,Mild,54.5,62.6,127.3,57.3,38.0,186.6,337.0,305.3,52.6,16.8,2.4,7.2
West Bengal,2000,2240.05,1582,30.89,72.68,59.7,-41.6,Normal,10.1,47.05,29.45,119.55,270.75,427.6,457.9,338.25,447.1,79.55,12.1,0.65
West Bengal,2001,2076.6,1582,27.39,69.08,62.08,-31.26,Normal,2.15,11.2,41.5,92.1,261.5,428.2,334.15,336.6,320.4,223.2,22.7,2.95
West Bengal,2002,2080.15,1582,29.1,73.41,56.95,-31.49,Normal,28.2,5.75,61.1,157.25,147.9,377.45,512.45,347.95,333.25,73.6,29.8,5.45
West Bengal,2003,2110.0,1582,30.32,74.11,55.17,-33.38,Normal,8.75,45.45,80.05,103.85,146.8,398.55,478.2,296.65,238.2,282.25,12.65,18.45
West Bengal,2004,2142.05,1582,33.97,74.18,55.17,-35.4,Normal,11.6,6.55,27.7,113.15,180.2,388.5,495.1,373.15,329.5,209.55,4.5,2.6
West Bengal,2005,2206.3,1582,30.94,82.23,61.72,-39.46,Normal,23.15,16.4,107.45,98.65,168.2,323.3,529.4,395.6,225.6,311.4,4.4,2.7
West Bengal,2006,1961.3,1582,31.36,62.47,57.76,-23.98,Normal,0.75,10.0,25.2,89.9,195.65,333.6,478.4,307.65,418.85,84.05,13.1,4.1
West Bengal,2007,2290.15,1582,26.13,81.13,54.13,-44.76,Normal,3.5,68.65,42.95,99.4,156.9,355.7,648.2,370.2,459.25,67.65,16.7,1.0
West Bengal,2008,2122.55,1582,29.14,75.44,55.27,-34.17,Normal,41.3,17.25,45.65,92.3,132.9,470.5,498.05,444.25,282.0,85.1,8.45,4.85
West Bengal,2009,1819.8,1582,31.64,71.34,48.28,-15.03,Normal,4.2,20.85,36.45,58.9,268.85,210.15,366.85,450.55,234.6,156.2,9.25,2.95
West Bengal,2010,1838.55,1582,30.21,68.74,52.43,-16.22,Normal,2.9,14.95,42.8,96.25,231.7,373.7,394.85,326.95,250.35,81.2,7.1,15.95
West Bengal,2011,2052.6,1582,27.17,74.35,55.4,-29.75,Normal,5.5,11.3,55.85,105.0,190.2,427.15,416.1,456.75,326.1,41.8,14.0,2.85
West Bengal,2012,1950.1,1582,29.54,74.68,48.56,-23.27,Normal,28.0,14.6,24.95,108.75,123.3,375.4,499.75,297.05,340.8,91.8,29.75,16.0
West Bengal,2013,2085.1,1582,29.71,71.63,52.8,-31.8,Normal,2.75,16.8,18.45,80.15,246.2,319.15,425.8,408.85,281.0,276.5,8.05,1.35
West Bengal,2014,1792.0,1582,28.75,55.1,53.28,-13.27,Normal,0.55,34.4,28.8,24.9,216.5,368.4,341.65,427.95,300.5,44.05,2.7,1.5
West Bengal,2015,2024.45,1582,28.07,65.43,40.42,-27.97,Normal,14.3,10.25,42.05,118.85,181.1,377.7,513.2,443.6,259.45,43.15,13.05,7.65
